-- phpMyAdmin SQL Dump
-- version 5.1.1
-- https://www.phpmyadmin.net/
--
-- Host: 127.0.0.1
-- Tempo de geração: 31-Mar-2022 às 01:33
-- Versão do servidor: 10.4.22-MariaDB
-- versão do PHP: 8.0.13

SET SQL_MODE = "NO_AUTO_VALUE_ON_ZERO";
START TRANSACTION;
SET time_zone = "+00:00";


/*!40101 SET @OLD_CHARACTER_SET_CLIENT=@@CHARACTER_SET_CLIENT */;
/*!40101 SET @OLD_CHARACTER_SET_RESULTS=@@CHARACTER_SET_RESULTS */;
/*!40101 SET @OLD_COLLATION_CONNECTION=@@COLLATION_CONNECTION */;
/*!40101 SET NAMES utf8mb4 */;

--
-- Banco de dados: `loja`
--

-- --------------------------------------------------------

--
-- Estrutura da tabela `categorias`
--

CREATE TABLE `categorias` (
  `categoria_id` int(11) NOT NULL,
  `categoria_pai_id` int(11) DEFAULT NULL,
  `categoria_nome` varchar(45) NOT NULL,
  `categoria_ativa` tinyint(1) DEFAULT NULL,
  `categoria_meta_link` varchar(100) DEFAULT NULL,
  `categoria_data_criacao` timestamp NOT NULL DEFAULT current_timestamp(),
  `categoria_data_alteracao` timestamp NULL DEFAULT current_timestamp() ON UPDATE current_timestamp()
) ENGINE=InnoDB DEFAULT CHARSET=latin1;

--
-- Extraindo dados da tabela `categorias`
--

INSERT INTO `categorias` (`categoria_id`, `categoria_pai_id`, `categoria_nome`, `categoria_ativa`, `categoria_meta_link`, `categoria_data_criacao`, `categoria_data_alteracao`) VALUES
(8, 10, 'Camisas Masculinas', 1, 'camisas-masculinas', '2021-04-29 19:26:11', '2022-02-06 15:54:41'),
(9, 8, 'Camisas Femininas', 1, 'camisas-femininas', '2021-04-29 19:30:59', '2022-02-06 15:54:54'),
(10, 10, 'Camisetas Masculinas', 1, 'camisetas-masculinas', '2021-04-30 15:25:07', '2022-02-06 15:58:08'),
(11, 8, 'Camisetas Femininas', 1, 'camisetas-femininas', '2021-04-30 16:08:36', '2022-02-06 15:57:57'),
(12, 11, 'Camisas Infantis', 1, 'camisas-infantis', '2021-05-05 16:20:17', '2022-02-06 15:57:19'),
(13, 11, 'Camisetas Infantis', 1, 'camisetas-infantis', '2022-02-06 15:51:00', '2022-02-06 15:57:41'),
(14, 12, 'Canecas', 1, 'canecas', '2022-02-06 15:59:27', '2022-02-06 18:57:37'),
(15, 12, 'Chapéu de Palha', 1, 'chapeu-de-palha', '2022-02-06 19:42:37', '2022-02-06 19:43:54'),
(16, 12, 'Taça', 1, 'taca', '2022-02-13 20:37:36', '2022-02-13 20:37:36');

-- --------------------------------------------------------

--
-- Estrutura da tabela `categorias_pai`
--

CREATE TABLE `categorias_pai` (
  `categoria_pai_id` int(11) NOT NULL,
  `categoria_pai_nome` varchar(45) NOT NULL,
  `categoria_pai_ativa` tinyint(1) DEFAULT NULL,
  `categoria_pai_meta_link` varchar(100) DEFAULT NULL,
  `categoria_pai_data_criacao` timestamp NOT NULL DEFAULT current_timestamp(),
  `categoria_pai_data_alteracao` timestamp NULL DEFAULT current_timestamp()
) ENGINE=InnoDB DEFAULT CHARSET=latin1;

--
-- Extraindo dados da tabela `categorias_pai`
--

INSERT INTO `categorias_pai` (`categoria_pai_id`, `categoria_pai_nome`, `categoria_pai_ativa`, `categoria_pai_meta_link`, `categoria_pai_data_criacao`, `categoria_pai_data_alteracao`) VALUES
(8, 'Feminino', 1, 'feminino', '2021-04-29 19:22:37', '2021-04-29 19:22:37'),
(10, 'Masculino', 1, 'masculino', '2021-04-29 19:22:45', '2021-04-29 19:22:45'),
(11, 'Infantil', 1, 'infantil', '2021-04-30 15:24:45', '2021-04-30 15:24:45'),
(12, 'Acessórios', 1, 'acessorios', '2021-04-30 16:08:16', '2021-04-30 16:08:16');

-- --------------------------------------------------------

--
-- Estrutura da tabela `clientes`
--

CREATE TABLE `clientes` (
  `cliente_id` int(11) NOT NULL,
  `cliente_data_cadastro` timestamp NULL DEFAULT current_timestamp(),
  `cliente_nome` varchar(45) NOT NULL,
  `cliente_sobrenome` varchar(150) NOT NULL,
  `cliente_data_nascimento` date DEFAULT NULL,
  `cliente_cpf` varchar(20) NOT NULL,
  `cliente_telefone_fixo` varchar(20) DEFAULT NULL,
  `cliente_telefone_movel` varchar(20) NOT NULL,
  `cliente_cep` varchar(10) NOT NULL,
  `cliente_endereco` varchar(155) NOT NULL,
  `cliente_numero_endereco` varchar(20) NOT NULL,
  `cliente_bairro` varchar(45) NOT NULL,
  `cliente_cidade` varchar(105) NOT NULL,
  `cliente_estado` varchar(2) NOT NULL,
  `cliente_complemento` varchar(145) DEFAULT NULL,
  `cliente_data_alteracao` timestamp NULL DEFAULT current_timestamp()
) ENGINE=InnoDB DEFAULT CHARSET=latin1;

--
-- Extraindo dados da tabela `clientes`
--

INSERT INTO `clientes` (`cliente_id`, `cliente_data_cadastro`, `cliente_nome`, `cliente_sobrenome`, `cliente_data_nascimento`, `cliente_cpf`, `cliente_telefone_fixo`, `cliente_telefone_movel`, `cliente_cep`, `cliente_endereco`, `cliente_numero_endereco`, `cliente_bairro`, `cliente_cidade`, `cliente_estado`, `cliente_complemento`, `cliente_data_alteracao`) VALUES
(1, '2022-03-27 21:02:09', 'Fulano', 'Souza', '2022-03-02', '377.374.060-34', NULL, '', '', '', '45', 'Centro', 'Curitiba', 'PR', NULL, '2022-03-27 21:02:09');

-- --------------------------------------------------------

--
-- Estrutura da tabela `config_correios`
--

CREATE TABLE `config_correios` (
  `config_id` int(11) NOT NULL,
  `config_cep_origem` varchar(20) NOT NULL,
  `config_codigo_pac` varchar(10) NOT NULL,
  `config_codigo_sedex` varchar(10) NOT NULL,
  `config_somar_frete` decimal(10,2) NOT NULL,
  `config_valor_declarado` decimal(5,2) NOT NULL,
  `config_data_alteracao` timestamp NULL DEFAULT NULL ON UPDATE current_timestamp()
) ENGINE=InnoDB DEFAULT CHARSET=utf8mb4;

--
-- Extraindo dados da tabela `config_correios`
--

INSERT INTO `config_correios` (`config_id`, `config_cep_origem`, `config_codigo_pac`, `config_codigo_sedex`, `config_somar_frete`, `config_valor_declarado`, `config_data_alteracao`) VALUES
(1, '23970-000', '04510', '04014', '5.00', '21.00', '2022-02-19 02:03:03');

-- --------------------------------------------------------

--
-- Estrutura da tabela `config_pagseguro`
--

CREATE TABLE `config_pagseguro` (
  `config_id` int(11) NOT NULL,
  `config_email` varchar(255) NOT NULL,
  `config_token` varchar(100) NOT NULL,
  `config_ambiente` tinyint(1) NOT NULL COMMENT '0 -> Ambiente real / 1 -> Ambiente sandbox',
  `config_data_alteracao` timestamp NULL DEFAULT NULL ON UPDATE current_timestamp()
) ENGINE=InnoDB DEFAULT CHARSET=utf8mb4;

--
-- Extraindo dados da tabela `config_pagseguro`
--

INSERT INTO `config_pagseguro` (`config_id`, `config_email`, `config_token`, `config_ambiente`, `config_data_alteracao`) VALUES
(1, 'luizbertino@hotmail.com', '4EB6DE4A151945A398E50ED5BA26ECF3', 1, '2022-03-20 18:39:40');

-- --------------------------------------------------------

--
-- Estrutura da tabela `groups`
--

CREATE TABLE `groups` (
  `id` mediumint(8) UNSIGNED NOT NULL,
  `name` varchar(20) NOT NULL,
  `description` varchar(100) NOT NULL
) ENGINE=InnoDB DEFAULT CHARSET=utf8;

--
-- Extraindo dados da tabela `groups`
--

INSERT INTO `groups` (`id`, `name`, `description`) VALUES
(1, 'admin', 'Administrator'),
(2, 'clientes', 'Clientes');

-- --------------------------------------------------------

--
-- Estrutura da tabela `login_attempts`
--

CREATE TABLE `login_attempts` (
  `id` int(11) UNSIGNED NOT NULL,
  `ip_address` varchar(45) NOT NULL,
  `login` varchar(100) NOT NULL,
  `time` int(11) UNSIGNED DEFAULT NULL
) ENGINE=InnoDB DEFAULT CHARSET=utf8;

-- --------------------------------------------------------

--
-- Estrutura da tabela `marcas`
--

CREATE TABLE `marcas` (
  `marca_id` int(11) NOT NULL,
  `marca_nome` varchar(45) NOT NULL,
  `marca_meta_link` varchar(255) NOT NULL,
  `marca_ativa` tinyint(1) DEFAULT NULL,
  `marca_data_criacao` timestamp NOT NULL DEFAULT current_timestamp(),
  `marca_data_alteracao` timestamp NULL DEFAULT NULL ON UPDATE current_timestamp()
) ENGINE=InnoDB DEFAULT CHARSET=latin1;

--
-- Extraindo dados da tabela `marcas`
--

INSERT INTO `marcas` (`marca_id`, `marca_nome`, `marca_meta_link`, `marca_ativa`, `marca_data_criacao`, `marca_data_alteracao`) VALUES
(9, 'Tamanho P', 'tamanho-p', 1, '2021-04-29 19:22:08', '2022-02-06 18:37:29'),
(14, 'Tamanho M', 'tamanho-m', 1, '2022-02-06 18:33:45', '2022-02-06 18:37:19'),
(15, 'Tamanho G', 'tamanho-g', 1, '2022-02-06 18:37:55', NULL),
(16, 'Tamanho GG', 'tamanho-gg', 1, '2022-02-06 18:38:05', NULL),
(17, 'Tamanho EXG', 'tamanho-exg', 1, '2022-02-06 18:38:44', '2022-02-06 18:39:25'),
(18, 'Tamanho Babylook P', 'tamanho-babylook-p', 1, '2022-02-06 18:40:09', NULL);

-- --------------------------------------------------------

--
-- Estrutura da tabela `produtos`
--

CREATE TABLE `produtos` (
  `produto_id` int(11) NOT NULL,
  `produto_codigo` varchar(45) DEFAULT NULL,
  `produto_data_cadastro` timestamp NULL DEFAULT current_timestamp(),
  `produto_categoria_id` int(11) DEFAULT NULL,
  `produto_marca_id` int(11) DEFAULT NULL,
  `produto_nome` varchar(255) DEFAULT NULL,
  `produto_meta_link` varchar(255) DEFAULT NULL,
  `produto_peso` int(11) DEFAULT 0,
  `produto_altura` int(11) DEFAULT 0,
  `produto_largura` int(11) DEFAULT 0,
  `produto_comprimento` int(11) DEFAULT 0,
  `produto_valor` varchar(45) DEFAULT NULL,
  `produto_destaque` tinyint(1) DEFAULT NULL,
  `produto_controlar_estoque` tinyint(1) DEFAULT NULL,
  `produto_quantidade_estoque` int(11) DEFAULT 0,
  `produto_ativo` tinyint(1) DEFAULT NULL,
  `produto_descricao` longtext DEFAULT NULL,
  `produto_data_alteracao` timestamp NULL DEFAULT NULL
) ENGINE=InnoDB DEFAULT CHARSET=latin1;

--
-- Extraindo dados da tabela `produtos`
--

INSERT INTO `produtos` (`produto_id`, `produto_codigo`, `produto_data_cadastro`, `produto_categoria_id`, `produto_marca_id`, `produto_nome`, `produto_meta_link`, `produto_peso`, `produto_altura`, `produto_largura`, `produto_comprimento`, `produto_valor`, `produto_destaque`, `produto_controlar_estoque`, `produto_quantidade_estoque`, `produto_ativo`, `produto_descricao`, `produto_data_alteracao`) VALUES
(13, '30126957', '2022-02-06 18:26:16', 8, 9, 'Camisa Pirata-Paraty Masculino', 'camisa-pirata-paraty-masculino', 15, 15, 15, 15, '30', 1, 1, 1, 1, 'Tamanho P, M, G, GG', NULL),
(14, '43672091', '2022-02-06 18:44:36', 9, 9, 'Camisa Pirata-Paraty Feminino', 'camisa-pirata-paraty-feminino', 15, 15, 15, 15, '30', 1, 1, 1, 1, 'sdfsdfsadfsdf', NULL),
(15, '19470283', '2022-02-06 18:46:11', 12, 9, 'Camisa Pirata-Paraty Infantil', 'camisa-pirata-paraty-infantil', 15, 15, 15, 15, '30', 1, 1, 1, 1, 'asdasdasdADSASDASDASDASD', NULL),
(16, '24530198', '2022-02-06 18:52:07', 10, 9, 'Camisetas Pirata-Paraty Masculino', 'camisetas-pirata-paraty-masculino', 15, 15, 15, 15, '30', 1, 1, 1, 1, 'asdasdasdasdasdasdasdasd', NULL),
(17, '62481057', '2022-02-06 18:53:15', 11, 9, 'Camisetas Pirata-Paraty Feminino', 'camisetas-pirata-paraty-feminino', 15, 15, 15, 15, '30', 1, 1, 1, 1, 'asdfsdfasdfsdfsdfsdfsdfsdf', NULL),
(18, '82731649', '2022-02-06 18:54:14', 13, 9, 'Camisetas Pirata-Paraty Infantil', 'camisetas-pirata-paraty-infantil', 15, 15, 15, 15, '30', 1, 1, 1, 1, 'safsdafsdfsdfsdfsdfsdfsdfsdfsdfsdfsdf', NULL),
(19, '04563278', '2022-02-06 18:58:26', 14, 9, 'Canecas-Paraty', 'canecas-paraty', 15, 15, 15, 15, '15', 1, 1, 10, 1, 'asdasdasdasdasdasdasdasdasd', NULL),
(20, '51693740', '2022-02-06 19:43:30', 15, 9, 'Chapéu de Palha', 'chapeu-de-palha', 15, 15, 15, 15, '15', 1, 1, 15, 1, 'sdfsdfsdfsdfsdfsdfsdfsdfsdfsdfsdfsdf', NULL);

-- --------------------------------------------------------

--
-- Estrutura da tabela `produtos_fotos`
--

CREATE TABLE `produtos_fotos` (
  `foto_id` int(11) NOT NULL,
  `foto_produto_id` int(11) DEFAULT NULL,
  `foto_caminho` varchar(255) NOT NULL
) ENGINE=InnoDB DEFAULT CHARSET=utf8mb4;

-- --------------------------------------------------------

--
-- Estrutura da tabela `sistema`
--

CREATE TABLE `sistema` (
  `sistema_id` int(11) NOT NULL,
  `sistema_razao_social` varchar(145) DEFAULT NULL,
  `sistema_nome_fantasia` varchar(145) DEFAULT NULL,
  `sistema_cnpj` varchar(25) DEFAULT NULL,
  `sistema_ie` varchar(25) DEFAULT NULL,
  `sistema_telefone_fixo` varchar(25) DEFAULT NULL,
  `sistema_telefone_movel` varchar(25) NOT NULL,
  `sistema_email` varchar(100) DEFAULT NULL,
  `sistema_site_url` varchar(100) DEFAULT NULL,
  `sistema_cep` varchar(25) DEFAULT NULL,
  `sistema_endereco` varchar(145) DEFAULT NULL,
  `sistema_numero` varchar(25) DEFAULT NULL,
  `sistema_cidade` varchar(45) DEFAULT NULL,
  `sistema_estado` varchar(2) DEFAULT NULL,
  `sistema_produtos_destaques` int(11) NOT NULL,
  `sistema_texto` tinytext DEFAULT NULL,
  `sistema_data_alteracao` timestamp NULL DEFAULT current_timestamp() ON UPDATE current_timestamp()
) ENGINE=InnoDB DEFAULT CHARSET=latin1;

--
-- Extraindo dados da tabela `sistema`
--

INSERT INTO `sistema` (`sistema_id`, `sistema_razao_social`, `sistema_nome_fantasia`, `sistema_cnpj`, `sistema_ie`, `sistema_telefone_fixo`, `sistema_telefone_movel`, `sistema_email`, `sistema_site_url`, `sistema_cep`, `sistema_endereco`, `sistema_numero`, `sistema_cidade`, `sistema_estado`, `sistema_produtos_destaques`, `sistema_texto`, `sistema_data_alteracao`) VALUES
(1, 'Estamparia Do Caixote', 'Vende tudo!', '80.838.809/0001-26', '683.90228-49', '(24) 3371-5030', '(24) 99836-6846', 'estampariadocaxote@hotmail.com', 'http://vendetudo.com.br', '23970-000', 'R. Jango Pádua', '381', 'Paraty', 'RJ', 8, 'Preço e qualidade!', '2022-02-13 18:46:27'),
(1, 'Estamparia Do Caixote', 'Vende tudo!', '80.838.809/0001-26', '683.90228-49', '(24) 3371-5030', '(24) 99836-6846', 'estampariadocaxote@hotmail.com', 'http://vendetudo.com.br', '23970-000', 'R. Jango Pádua', '381', 'Paraty', 'RJ', 8, 'Preço e qualidade!', '2022-02-13 18:46:27');

-- --------------------------------------------------------

--
-- Estrutura da tabela `users`
--

CREATE TABLE `users` (
  `id` int(11) UNSIGNED NOT NULL,
  `ip_address` varchar(45) NOT NULL,
  `cliente_user_id` int(11) DEFAULT NULL,
  `username` varchar(100) DEFAULT NULL,
  `password` varchar(255) NOT NULL,
  `email` varchar(254) NOT NULL,
  `activation_selector` varchar(255) DEFAULT NULL,
  `activation_code` varchar(255) DEFAULT NULL,
  `forgotten_password_selector` varchar(255) DEFAULT NULL,
  `forgotten_password_code` varchar(255) DEFAULT NULL,
  `forgotten_password_time` int(11) UNSIGNED DEFAULT NULL,
  `remember_selector` varchar(255) DEFAULT NULL,
  `remember_code` varchar(255) DEFAULT NULL,
  `created_on` int(11) UNSIGNED NOT NULL,
  `last_login` int(11) UNSIGNED DEFAULT NULL,
  `active` tinyint(1) UNSIGNED DEFAULT NULL,
  `first_name` varchar(50) DEFAULT NULL,
  `last_name` varchar(50) DEFAULT NULL,
  `company` varchar(100) DEFAULT NULL,
  `phone` varchar(20) DEFAULT NULL
) ENGINE=InnoDB DEFAULT CHARSET=utf8;

--
-- Extraindo dados da tabela `users`
--

INSERT INTO `users` (`id`, `ip_address`, `cliente_user_id`, `username`, `password`, `email`, `activation_selector`, `activation_code`, `forgotten_password_selector`, `forgotten_password_code`, `forgotten_password_time`, `remember_selector`, `remember_code`, `created_on`, `last_login`, `active`, `first_name`, `last_name`, `company`, `phone`) VALUES
(6, '::1', 0, 'luizbertino@hotmail.com', '$2y$12$pT5s245VuuWMooIZk7bjr.5BLKhCyhYvFwtUJ5X9JMZOEX6UvN6jm', 'luizbertino@hotmail.com', NULL, NULL, NULL, NULL, NULL, NULL, NULL, 1644160957, 1648414963, 1, 'Luiz', 'Bertino', NULL, NULL);

-- --------------------------------------------------------

--
-- Estrutura da tabela `users_groups`
--

CREATE TABLE `users_groups` (
  `id` int(11) UNSIGNED NOT NULL,
  `user_id` int(11) UNSIGNED NOT NULL,
  `group_id` mediumint(8) UNSIGNED NOT NULL
) ENGINE=InnoDB DEFAULT CHARSET=utf8;

--
-- Extraindo dados da tabela `users_groups`
--

INSERT INTO `users_groups` (`id`, `user_id`, `group_id`) VALUES
(35, 6, 1);

--
-- Índices para tabelas despejadas
--

--
-- Índices para tabela `categorias`
--
ALTER TABLE `categorias`
  ADD PRIMARY KEY (`categoria_id`),
  ADD KEY `categoria_pai_id` (`categoria_pai_id`);

--
-- Índices para tabela `categorias_pai`
--
ALTER TABLE `categorias_pai`
  ADD PRIMARY KEY (`categoria_pai_id`);

--
-- Índices para tabela `clientes`
--
ALTER TABLE `clientes`
  ADD PRIMARY KEY (`cliente_id`);

--
-- Índices para tabela `config_correios`
--
ALTER TABLE `config_correios`
  ADD PRIMARY KEY (`config_id`);

--
-- Índices para tabela `config_pagseguro`
--
ALTER TABLE `config_pagseguro`
  ADD PRIMARY KEY (`config_id`);

--
-- Índices para tabela `groups`
--
ALTER TABLE `groups`
  ADD PRIMARY KEY (`id`);

--
-- Índices para tabela `login_attempts`
--
ALTER TABLE `login_attempts`
  ADD PRIMARY KEY (`id`);

--
-- Índices para tabela `marcas`
--
ALTER TABLE `marcas`
  ADD PRIMARY KEY (`marca_id`);

--
-- Índices para tabela `produtos`
--
ALTER TABLE `produtos`
  ADD PRIMARY KEY (`produto_id`),
  ADD KEY `produto_categoria_id` (`produto_categoria_id`),
  ADD KEY `produto_marca_id` (`produto_marca_id`);

--
-- Índices para tabela `produtos_fotos`
--
ALTER TABLE `produtos_fotos`
  ADD PRIMARY KEY (`foto_id`),
  ADD KEY `fk_foto_produto_id` (`foto_produto_id`);

--
-- Índices para tabela `users`
--
ALTER TABLE `users`
  ADD PRIMARY KEY (`id`),
  ADD UNIQUE KEY `uc_email` (`email`),
  ADD UNIQUE KEY `uc_activation_selector` (`activation_selector`),
  ADD UNIQUE KEY `uc_forgotten_password_selector` (`forgotten_password_selector`),
  ADD UNIQUE KEY `uc_remember_selector` (`remember_selector`),
  ADD KEY `cliente_user_id` (`cliente_user_id`),
  ADD KEY `cliente_user_id_2` (`cliente_user_id`);

--
-- Índices para tabela `users_groups`
--
ALTER TABLE `users_groups`
  ADD PRIMARY KEY (`id`),
  ADD UNIQUE KEY `uc_users_groups` (`user_id`,`group_id`),
  ADD KEY `fk_users_groups_users1_idx` (`user_id`),
  ADD KEY `fk_users_groups_groups1_idx` (`group_id`);

--
-- AUTO_INCREMENT de tabelas despejadas
--

--
-- AUTO_INCREMENT de tabela `categorias`
--
ALTER TABLE `categorias`
  MODIFY `categoria_id` int(11) NOT NULL AUTO_INCREMENT, AUTO_INCREMENT=17;

--
-- AUTO_INCREMENT de tabela `categorias_pai`
--
ALTER TABLE `categorias_pai`
  MODIFY `categoria_pai_id` int(11) NOT NULL AUTO_INCREMENT, AUTO_INCREMENT=13;

--
-- AUTO_INCREMENT de tabela `clientes`
--
ALTER TABLE `clientes`
  MODIFY `cliente_id` int(11) NOT NULL AUTO_INCREMENT, AUTO_INCREMENT=2;

--
-- AUTO_INCREMENT de tabela `config_pagseguro`
--
ALTER TABLE `config_pagseguro`
  MODIFY `config_id` int(11) NOT NULL AUTO_INCREMENT, AUTO_INCREMENT=2;

--
-- AUTO_INCREMENT de tabela `groups`
--
ALTER TABLE `groups`
  MODIFY `id` mediumint(8) UNSIGNED NOT NULL AUTO_INCREMENT, AUTO_INCREMENT=3;

--
-- AUTO_INCREMENT de tabela `login_attempts`
--
ALTER TABLE `login_attempts`
  MODIFY `id` int(11) UNSIGNED NOT NULL AUTO_INCREMENT, AUTO_INCREMENT=14;

--
-- AUTO_INCREMENT de tabela `marcas`
--
ALTER TABLE `marcas`
  MODIFY `marca_id` int(11) NOT NULL AUTO_INCREMENT, AUTO_INCREMENT=19;

--
-- AUTO_INCREMENT de tabela `produtos`
--
ALTER TABLE `produtos`
  MODIFY `produto_id` int(11) NOT NULL AUTO_INCREMENT, AUTO_INCREMENT=21;

--
-- AUTO_INCREMENT de tabela `produtos_fotos`
--
ALTER TABLE `produtos_fotos`
  MODIFY `foto_id` int(11) NOT NULL AUTO_INCREMENT, AUTO_INCREMENT=121;

--
-- AUTO_INCREMENT de tabela `users`
--
ALTER TABLE `users`
  MODIFY `id` int(11) UNSIGNED NOT NULL AUTO_INCREMENT, AUTO_INCREMENT=8;

--
-- AUTO_INCREMENT de tabela `users_groups`
--
ALTER TABLE `users_groups`
  MODIFY `id` int(11) UNSIGNED NOT NULL AUTO_INCREMENT, AUTO_INCREMENT=37;

--
-- Restrições para despejos de tabelas
--

--
-- Limitadores para a tabela `categorias`
--
ALTER TABLE `categorias`
  ADD CONSTRAINT `fk_categoria_pai_id` FOREIGN KEY (`categoria_pai_id`) REFERENCES `categorias_pai` (`categoria_pai_id`) ON DELETE CASCADE;

--
-- Limitadores para a tabela `produtos_fotos`
--
ALTER TABLE `produtos_fotos`
  ADD CONSTRAINT `fk_foto_produto_id` FOREIGN KEY (`foto_produto_id`) REFERENCES `produtos` (`produto_id`) ON DELETE CASCADE;

--
-- Limitadores para a tabela `users_groups`
--
ALTER TABLE `users_groups`
  ADD CONSTRAINT `fk_users_groups_groups1` FOREIGN KEY (`group_id`) REFERENCES `groups` (`id`) ON DELETE CASCADE ON UPDATE NO ACTION,
  ADD CONSTRAINT `fk_users_groups_users1` FOREIGN KEY (`user_id`) REFERENCES `users` (`id`) ON DELETE CASCADE ON UPDATE NO ACTION;
COMMIT;

/*!40101 SET CHARACTER_SET_CLIENT=@OLD_CHARACTER_SET_CLIENT */;
/*!40101 SET CHARACTER_SET_RESULTS=@OLD_CHARACTER_SET_RESULTS */;
/*!40101 SET COLLATION_CONNECTION=@OLD_COLLATION_CONNECTION */;
